DELETE FROM `permission`;
INSERT INTO `permission` (`id`, `group_id`, `module`, `action`) VALUES
(1, 0, 'page', 'homepage'),
(2, 1, 'page', 'homepage'), 
(3, 2, 'page', 'homepage'), 
(4, 3, 'page', 'homepage'), 
(5, 0, 'page', 'show'),
(6, 1, 'page', 'show'), 
(7, 2, 'page', 'show'), 
(8, 3, 'page', 'show'), 
(9, 0, 'user', 'login'), 
(10, 0, 'user', 'register'), 
(11, 0, 'user', 'register_save'), 
(12, 0, 'zadanie', 'lista'),
(13, 0, 'zadanie', 'szczegoly'), 
(14, 1, 'administration', 'dashboard'),
(15, 1, 'permission', 'add'),
(16, 1, 'permission', 'edit'), 
(17, 1, 'permission', 'list'), 
(46, 1, 'permission', 'save'), 
(47, 1, 'permission', 'delete'), 
(18, 1, 'articles', 'list'),
(55, 0, 'articles', 'list'), 
(56, 2, 'articles', 'list'), 
(57, 3, 'articles', 'list'), 
(19, 1, 'articles', 'add'),
(60, 2, 'articles', 'add'), 
(20, 1, 'articles', 'delete'), 
(58, 2, 'articles', 'delete'), 
(59, 3, 'articles', 'delete'), 
(21, 1, 'articles', 'save'),
(61, 2, 'articles', 'save'), 
(22, 1, 'articles', 'edit'), 
(62, 2, 'articles', 'edit'), 
(23, 1, 'blogs', 'list'),
(24, 1, 'blogs', 'add'),
(25, 1, 'blogs', 'delete'), 
(26, 1, 'blogs', 'save'),
(27, 1, 'blogs', 'edit'), 
(75, 1, 'blogs', 'details'), 
(28, 1, 'labels', 'list'),
(29, 1, 'labels', 'add'), 
(30, 1, 'labels', 'delete'), 
(31, 1, 'labels', 'save'),
(32, 1, 'labels', 'edit'), 
(33, 1, 'menu', 'list'),
(34, 1, 'menu', 'add'), 
(35, 1, 'menu', 'delete'), 
(36, 1, 'menu', 'save'),
(37, 1, 'menu', 'edit'), 
(49, 1, 'lang', 'list'), 
(50, 1, 'lang', 'add'),
(51, 1, 'lang', 'edit'), 
(52, 1, 'lang', 'save'), 
(38, 1, 'user', 'list'), 
(39, 1, 'user', 'add'), 
(40, 1, 'user', 'delete'),
(41, 1, 'user', 'save'),
(42, 1, 'user', 'edit'), 
(43, 1, 'user', 'logout'), 
(44, 2, 'user', 'logout'), 
(48, 3, 'user', 'logout'), 
(53, 1, 'editor', 'page'), 
(54, 1, 'editor', 'save'), 
(65, 1, 'employee', 'add'), 
(64, 1, 'employee', 'edit'), 
(63, 1, 'employee', 'list'), 
(66, 1, 'employee', 'save'), 
(67, 1, 'institute', 'add'), 
(70, 1, 'institute', 'edit'), 
(68, 1, 'institute', 'list'), 
(69, 1, 'institute', 'save'),
(71, 1, 'menu', 'enable'),
(72, 1, 'menu', 'disable'), 
(73, 1, 'articles', 'enable'), 
(74, 1, 'articles', 'disable'), 
(76, 1, 'lang', 'enable'),
(77, 1, 'lang', 'disable'), 
(78, 1, 'institute', 'enable'), 
(79, 1, 'institute', 'disable'), 
(80, 1, 'blogs', 'deletepage'), 
(81, 1, 'search', 'search'),
(82, 2, 'search', 'search'), 
(83, 3, 'search', 'search'), 
(84, 0, 'search', 'search'); 



DELETE FROM `user` WHERE id <>1;
INSERT INTO `user` (`id`, `user_login`, `user_email`, `user_password`, `user_name`,`user_surname`, `user_description`, `student_index`, `created_user_id`, `modified_dt`, `modified_user_id`, `group_id`) VALUES
(30, 'andrzej.domurat@gmail.com', 'andrzej.domurat@gmail.com', 'e66055e8e308770492a44bf16e875127', 'Andrzej Domurat', 'Andrzej', NULL, NULL, 1, '0000-00-00 00:00:00', 1, 1),
(31, 'admin2', 'admin@p4y.pl', 'f6fdffe48c908deb0f4c3bd36c032e72', 'Admin K', 'Anat', 'pass: adminadmin', NULL, 1, '2012-05-13 16:50:40', 1, 1),
(32, 'mod', 'moderator@p4y.pl', '4b97eb97db2365148a5c3a5070f0cdd1', 'Moderator M','loool', 'pass: modmod', NULL, 1, '0000-00-00 00:00:00', 1, 2),
(33, 'user', 'user@p4y.pl', '5cc32e366c87c4cb49e4309b75f57d64', 'Student User',  'Arat', 'pass: useruser', NULL, 1, '0000-00-00 00:00:00', 1, 3),
(41,'StanislawZiemianek','stanislaw.ziemanek@ien.pw.edu.pl','password_41','Stanislaw','Ziemianek', NULL, NULL, 1, '0000-00-00 00:00:00', 1, 1),
(42,'MonikaKarska','monika.karska@ien.pw.edu.pl','password_42','Monika','Karska', NULL, NULL, 1, '0000-00-00 00:00:00', 1, 1),
(43,'DariuszBaczynski','dariusz.baczynski@ien.pw.edu.pl','password_43','Dariusz','Baczynski', NULL, NULL, 1, '0000-00-00 00:00:00', 1, 1),
(44,'SlawomirBielecki','slawomir.bielecki@ien.pw.edu.pl','password_44','Slawomir','Bielecki', NULL, NULL, 1, '0000-00-00 00:00:00', 1, 1),
(45,'PeterTotalement','piotr.helt@ien.pw.edu.pl','password_45','Peter','Totalement', NULL, NULL, 1, '0000-00-00 00:00:00', 1, 1),
(46,'ChristopherKsiężyk','krzysztof.ksiezyk@ien.pw.edu.pl','password_46','Christopher','Księżyk', NULL, NULL, 1, '0000-00-00 00:00:00', 1, 1),
(47,'SzczesnyKujszczyk','szczęsny.kujszczyk@ien.pw.edu.pl','password_47','Szczesny','Kujszczyk', NULL, NULL, 1, '0000-00-00 00:00:00', 1, 1),
(48,'GeorgeMarzecki','jerzy.marzecki@ien.pw.edu.pl','password_48','George','Marzecki', NULL, NULL, 1, '0000-00-00 00:00:00', 1, 1),
(49,'AndrewMomot','andrzej.momot@ien.pw.edu.pl','password_49','Andrew','Momot', NULL, NULL, 1, '0000-00-00 00:00:00', 1, 1),
(50,'MiroslawParol','miroslaw.parol@ien.pw.edu.pl','password_50','Miroslaw','Parol', NULL, NULL, 1, '0000-00-00 00:00:00', 1, 1),
(51,'PaulPiotrowski','pawel.piotrowski@ien.pw.edu.pl','password_51','Paul','Piotrowski', NULL, NULL, 1, '0000-00-00 00:00:00', 1, 1),
(52,'JacekWasilewski','jacek.wasilewski@ien.pw.edu.pl','password_52','Jacek','Wasilewski', NULL, NULL, 1, '0000-00-00 00:00:00', 1, 1),
(53,'ThomasWojtowicz','tomasz.wojtowicz@ien.pw.edu.pl','password_53','Thomas','Wojtowicz', NULL, NULL, 1, '0000-00-00 00:00:00', 1, 1),
(54,'ThomasPotier','tomasz.zdun@ien.pw.edu.pl','password_54','Thomas','Potier', NULL, NULL, 1, '0000-00-00 00:00:00', 1, 1),
(55,'DésirRasolomampionona','desire.rasolomampionona@ien.pw.edu.pl','password_55','Désir','Rasolomampionona', NULL, NULL, 1, '0000-00-00 00:00:00', 1, 1),
(56,'EveWroblewska','ewa.wroblewska@ien.pw.edu.pl','password_56','Eve','Wroblewska', NULL, NULL, 1, '0000-00-00 00:00:00', 1, 1),
(57,'LechBrzeszczak','lech.brzeszczak@ien.pw.edu.pl','password_57','Lech','Brzeszczak', NULL, NULL, 1, '0000-00-00 00:00:00', 1, 1),
(58,'MarcinJanuszewski','marcin.januszewski@ien.pw.edu.pl','password_58','Marcin','Januszewski', NULL, NULL, 1, '0000-00-00 00:00:00', 1, 1),
(59,'RaphaëlJarnutowski','rafal.jarnutowski@ien.pw.edu.pl','password_59','Raphaël','Jarnutowski', NULL, NULL, 1, '0000-00-00 00:00:00', 1, 1),
(60,'RichardKowalik','ryszard.kowalik@ien.pw.edu.pl','password_60','Richard','Kowalik', NULL, NULL, 1, '0000-00-00 00:00:00', 1, 1),
(61,'JanMachowski','jan.machowski@ien.pw.edu.pl','password_61','Jan','Machowski', NULL, NULL, 1, '0000-00-00 00:00:00', 1, 1),
(62,'AndrewMagdziarz','andrzej.magdziarz@ien.pw.edu.pl','password_62','Andrew','Magdziarz', NULL, NULL, 1, '0000-00-00 00:00:00', 1, 1),
(63,'WieslawMyrcha','wieslaw.myrcha@ien.pw.edu.pl','password_63','Wieslaw','Myrcha', NULL, NULL, 1, '0000-00-00 00:00:00', 1, 1),
(64,'LucPlutôt','lukasz.nogal@ien.pw.edu.pl','password_64','Luc','Plutôt', NULL, NULL, 1, '0000-00-00 00:00:00', 1, 1),
(65,'AdamSmolarczyk','adam.smolarczyk@ien.pw.edu.pl','password_65','Adam','Smolarczyk', NULL, NULL, 1, '0000-00-00 00:00:00', 1, 1),
(66,'ZbigniewZagan','zbigniew.zagan@ien.pw.edu.pl','password_66','Zbigniew','Zagan', NULL, NULL, 1, '0000-00-00 00:00:00', 1, 1),
(67,'JosephUn peu','jozef.paska@ien.pw.edu.pl','password_67','Joseph','Un peu', NULL, NULL, 1, '0000-00-00 00:00:00', 1, 1),
(68,'IwonaSadurska','iwona.sadurska@ien.pw.edu.pl','password_68','Iwona','Sadurska', NULL, NULL, 1, '0000-00-00 00:00:00', 1, 1),
(69,'PeterBichel','piotr.biczel@ien.pw.edu.pl','password_69','Peter','Bichel', NULL, NULL, 1, '0000-00-00 00:00:00', 1, 1),
(70,'AntoniDmowski','antoni.dmowski@ien.pw.edu.pl','password_70','Antoni','Dmowski', NULL, NULL, 1, '0000-00-00 00:00:00', 1, 1),
(71,'AndrewKądzielawa','andrzej.kadzielawa@ien.pw.edu.pl','password_71','Andrew','Kądzielawa', NULL, NULL, 1, '0000-00-00 00:00:00', 1, 1),
(72,'MariuszOreille','mariusz.klos@ien.pw.edu.pl','password_72','Mariusz','Oreille', NULL, NULL, 1, '0000-00-00 00:00:00', 1, 1),
(74,'ZygmuntPawełkowicz','zygmunt.pawelkowicz@ien.pw.edu.pl','password_74','Zygmunt','Pawełkowicz', NULL, NULL, 1, '0000-00-00 00:00:00', 1, 1),
(75,'AndrewPawlęga','Andrew. pawlega@ien.pw.edu.pl','password_75','Andrew','Pawlęga', NULL, NULL, 1, '0000-00-00 00:00:00', 1, 1),
(76,'EugèneTomaszewicz','eugeniusz.tomaszewicz@ien.pw.edu.pl','password_76','Eugène','Tomaszewicz', NULL, NULL, 1, '0000-00-00 00:00:00', 1, 1),
(77,'AndrewZakrzewski','andrzej.zakrzewski@ien.pw.edu.pl','password_77','Andrew','Zakrzewski', NULL, NULL, 1, '0000-00-00 00:00:00', 1, 1),
(78,'WojciechZagan','wojciech.zagan@ien.pw.edu.pl','password_78','Wojciech','Zagan', NULL, NULL, 1, '0000-00-00 00:00:00', 1, 1),
(79,'JolantaMiszczak','jolanta.miszczak@ien.pw.edu.pl','password_79','Jolanta','Miszczak', NULL, NULL, 1, '0000-00-00 00:00:00', 1, 1),
(80,'DariuszCzyzewski','dariusz.czyzewski@ien.pw.edu.pl','password_80','Dariusz','Czyzewski', NULL, NULL, 1, '0000-00-00 00:00:00', 1, 1),
(81,'RaphaëlKrupinski','rafal.krupinski@ien.pw.edu.pl','password_81','Raphaël','Krupinski', NULL, NULL, 1, '0000-00-00 00:00:00', 1, 1),
(82,'VladimirNiebuda','wlodzimierz.niebuda@ien.pw.edu.pl','password_82','Vladimir','Niebuda', NULL, NULL, 1, '0000-00-00 00:00:00', 1, 1),
(83,'PeterPracki','piotr.pracki@ien.pw.edu.pl','password_83','Peter','Pracki', NULL, NULL, 1, '0000-00-00 00:00:00', 1, 1),
(84,'Saint-SylvestreVer','sylwester.robak@ien.pw.edu.pl','password_84','Saint-Sylvestre','Ver', NULL, NULL, 1, '0000-00-00 00:00:00', 1, 1),
(85,'AndrewWisniewski','andrzej.wisniewski@ien.pw.edu.pl','password_85','Andrew','Wisniewski', NULL, NULL, 1, '0000-00-00 00:00:00', 1, 1),
(86,'SlawomirZalewski','slawomir.zalewski@ien.pw.edu.pl','password_86','Slawomir','Zalewski', NULL, NULL, 1, '0000-00-00 00:00:00', 1, 1),
(87,'AdamCzaplicki','adam.czaplicki@ien.pw.edu.pl','password_87','Adam','Czaplicki', NULL, NULL, 1, '0000-00-00 00:00:00', 1, 1),
(88,'MieczyslawHareng','mieczyslaw.hering@ien.pw.edu.pl','password_88','Mieczyslaw','Hareng', NULL, NULL, 1, '0000-00-00 00:00:00', 1, 1),
(89,'JanKabata','jan.kabata@ien.pw.edu.pl','password_89','Jan','Kabata', NULL, NULL, 1, '0000-00-00 00:00:00', 1, 1),
(90,'DanielKucharski','daniel.kucharski@ien.pw.edu.pl','password_90','Daniel','Kucharski', NULL, NULL, 1, '0000-00-00 00:00:00', 1, 1),
(91,'RichardNiedbała','ryszard.niedbala@ien.pw.edu.pl','password_91','Richard','Niedbała', NULL, NULL, 1, '0000-00-00 00:00:00', 1, 1),
(92,'MarcinWesolowski','marcin.wesolowski@ien.pw.edu.pl','password_92','Marcin','Wesolowski', NULL, NULL, 1, '0000-00-00 00:00:00', 1, 1),
(93,'HalinaJurkiewicz','halina.jurkiewicz@ien.pw.edu.pl','password_93','Halina','Jurkiewicz', NULL, NULL, 1, '0000-00-00 00:00:00', 1, 1),
(94,'CatherineSonner','katarzyna.klang@ien.pw.edu.pl','password_94','Catherine','Sonner', NULL, NULL, 1, '0000-00-00 00:00:00', 1, 1),
(95,'EdithKarzewska','edyta.karzewska@ien.pw.edu.pl','password_95','Edith','Karzewska', NULL, NULL, 1, '0000-00-00 00:00:00', 1, 1),
(96,'JaninaBukowska','janina.bukowska@ien.pw.edu.pl','password_96','Janina','Bukowska', NULL, NULL, 1, '0000-00-00 00:00:00', 1, 1),
(97,'EdwardBielawski','edward.bielawski@ien.pw.edu.pl','password_97','Edward','Bielawski', NULL, NULL, 1, '0000-00-00 00:00:00', 1, 1);

DELETE FROM `lang`;
INSERT INTO `lang` (`id`, `lang_name`, `lang_short`, `active`, `created_dt`, `created_user_id`, `modified_dt`, `modified_user_id`) VALUES
(1, 'Polski', 'POL', 1, '2012-06-01 13:57:07', 1, '0000-00-00 00:00:00', 1),
(2, 'English', 'ENG', 1, '2012-06-01 13:57:07', 1, '0000-00-00 00:00:00', 1),
(3, 'Français', 'FRA', 1, '2012-06-01 13:57:07', 1, '0000-00-00 00:00:00', 1);


DELETE FROM `label`;
INSERT INTO `label` (`id`, `lang_id`, `label_name`, `label_value`,`created_user_id`, `modified_dt`, `modified_user_id`) VALUES
(1, 1, 'TXT_LIBRARY', 'Biblioteka', 1, '0000-00-00 00:00:00', 1),
(2, 2, 'TXT_LIBRARY', 'Library', 1, '0000-00-00 00:00:00', 1),
(3, 3, 'TXT_LIBRARY', 'Bibliothèque', 1, '0000-00-00 00:00:00', 1),
(4, 1, 'TXT_PW', 'Politechnika', 1, '0000-00-00 00:00:00', 1),
(5, 2, 'TXT_PW', 'Warsaw University', 1, '0000-00-00 00:00:00', 1),
(6, 3, 'TXT_PW', 'Université de Varsovie', 1, '0000-00-00 00:00:00', 1),
(7, 1, 'TXT_WEE', 'Wydział Elektryczny', 1, '0000-00-00 00:00:00', 1),
(8, 2, 'TXT_WEE', 'The Faculty of Electrical Engineering', 1, '0000-00-00 00:00:00', 1),
(9, 3, 'TXT_WEE', 'Faculté ingénierie électrique', 1, '0000-00-00 00:00:00', 1),
(10, 1, 'TXT_WEBMAIL', 'Webmail' , 1, '0000-00-00 00:00:00', 1),
(11, 2, 'TXT_WEBMAIL', 'Webmail', 1, '0000-00-00 00:00:00', 1),
(12, 3, 'TXT_WEBMAIL', 'Webmail', 1, '0000-00-00 00:00:00', 1),
(13, 1, 'TXT_LOGIN', 'Logowanie', 1, '0000-00-00 00:00:00', 1),
(14, 2, 'TXT_LOGIN', 'Login', 1, '0000-00-00 00:00:00', 1),
(15, 3, 'TXT_LOGIN', 'Login', 1, '0000-00-00 00:00:00', 1),
(16, 1, 'TXT_LOGOUT', 'Logout', 1, '0000-00-00 00:00:00', 1),
(17, 2, 'TXT_LOGOUT', 'Logout', 1, '0000-00-00 00:00:00', 1),
(18, 3, 'TXT_LOGOUT', 'Logout', 1, '0000-00-00 00:00:00', 1),
(19, 1, 'TXT_DASHBOARD', 'Panel', 1, '0000-00-00 00:00:00', 1),
(20, 2, 'TXT_DASHBOARD', 'Dashboard', 1, '0000-00-00 00:00:00', 1),
(21, 3, 'TXT_DASHBOARD', 'Tableau de bord', 1, '0000-00-00 00:00:00', 1),
(22, 1, 'TXT_FOOTER', ' Instytut Elektroenergetyki Politechniki WarszawskieJ', 1, '0000-00-00 00:00:00', 1),
(23, 2, 'TXT_FOOTER', 'Institute of Electric Power Engenering in Warsaw University of Technology', 1, '0000-00-00 00:00:00', 1),
(24, 3, 'TXT_FOOTER', 'Institut génie électrique de l\'université de Varsovie', 1, '0000-00-00 00:00:00', 1),
(25, 1, 'TXT_INSTITUTE', 'Elektroenergetyka', 1, '0000-00-00 00:00:00', 1),
(26, 3, 'TXT_INSTITUTE', 'Génie Energie Electrique', 1, '0000-00-00 00:00:00', 1),
(27, 1, 'TXT_PWMAPLABEL', 'Plan terenu PW',1, '0000-00-00 00:00:00', 1),
(28, 2, 'TXT_PWMAPLABEL', 'Site plan PW',1, '0000-00-00 00:00:00', 1),
(29, 1, 'TXT_SEARCH', 'Wyszukiwarka',1, '0000-00-00 00:00:00', 1),
(30, 1, 'TXT_SEARCH_BUTTON', 'Szukaj',1, '0000-00-00 00:00:00', 1),
(31, 1, 'TXT_SEARCH_INPUT', 'Szukaj...',1, '0000-00-00 00:00:00', 1),
(32, 1, 'TXT_WEE', 'Wydział Elektryczny',1, '0000-00-00 00:00:00', 1),
(33, 2, 'TXT_INSTITUTE', 'Electric Power Engeneering', 1, '0000-00-00 00:00:00', 1),
(34, 1, 'TXT_ORGANIZATION', 'Organizacja Instytutu', 1, '0000-00-00 00:00:00', 1),
(35, 2, 'TXT_ORGANIZATION', 'Institue organization', 1, '0000-00-00 00:00:00', 1),
(36, 3, 'TXT_ORGANIZATION', 'Organisation de l\'institut', 1, '0000-00-00 00:00:00', 1),
(37, 3, 'TXT_PWMAPLABEL', 'Plan du site',1, '0000-00-00 00:00:00', 1),
(38, 2, 'BOX_INSTITUTE', '<div>\r\n<p><span style=\"color: #800000;\"><span style=\"font-size: small;\"><strong>Institute of Electric Power</strong></span></span></p>\r\n<p>Plac Politechniki 1,<br /> 00-661 Warsaw,<br /> tel.: +48 22 621 44 50 c. 7611 <br />e-mail: <a href=\"mailto:desire.rasolomampionona@ien.pw.edu.pl\">desire.rasolomampionona@ien.pw.edu.pl</a></p>\r\n</div>', 1, '2012-06-04 10:12:59', 1),
(39, 1, 'BOX_INSTITUTE', '<div>\r\n<p><span style=\"color: #800000;\"><span style=\"font-size: small;\"><strong>Instytut Elektroenergetyki</strong></span></span></p>\r\n<p>Plac Politechniki 1,<br /> 00-661 Warszawa,<br /> tel.: +48 22 621 44 50 w. 7611 <br />e-mail: <a href=\"mailto:desire.rasolomampionona@ien.pw.edu.pl\">desire.rasolomampionona@ien.pw.edu.pl</a></p>\r\n<p>&nbsp;</p>\r\n</div>', 1, '2012-06-04 10:13:34', 1),
(40, 3, 'BOX_INSTITUTE', '<div>\r\n<p><span style=\"color: #800000;\"><span style=\"font-size: small;\"><strong>Institut de l\'\'&eacute;nergie &eacute;lectrique</strong></span></span></p>\r\n<p>1 Place Politechniki ,<br /> 00-661 Varsovie,<br /> tel.: +48 22 621 44 50 w. 7611 <br />e-mail: <a href=\"mailto:desire.rasolomampionona@ien.pw.edu.pl\">desire.rasolomampionona@ien.pw.edu.pl</a></p>\r\n<p>&nbsp;</p>\r\n</div>', 1, '2012-06-04 10:14:33', 1),
(41, 2, 'BOX_PWMAP', '<p style="text-align: center;"><a title="Pokaż mapę" href="index.php?module=page&action=show&page_id=16"> <img id="imageplan" src="../../images/plan.png" alt="map" /> </a> <br /> How to go from Central Station to<br /> the Institute of Electrical Power <br /> The map was developed <a href="mailto:lech.brzeszczak@ien.pw.edu.pl">Lech Brzeszczak.<br /></a></p>', 1, '2012-06-04 10:35:21', 1),
(42, 1, 'BOX_PWMAP', '<p style="text-align: center;"><a title="Pokaż mapę" href="index.php?module=page&action=show&page_id=17"> <img id="imageplan" src="../../images/plan.png" alt="Plan" /></a> <br /> Jak przejść z Dworca Centralnego a<br /> do Instytutu Elektroenergetyki <br /> Mapę opracował <a href="mailto:lech.brzeszczak@ien.pw.edu.pl"> Lech Brzeszczak</a></p>',  1, '2012-06-04 10:35:53', 1),
(43, 3, 'BOX_PWMAP', '<p style="text-align: center;"><a title="Pokaż mapę" href="index.php?module=page&action=show&page_id=18"> <img id="imageplan" src="../../images/plan.png" alt="Plan" /></a> <br /> Comment se rendre de la gare centrale &agrave;&nbsp;<br /> l''institut de l''&eacute;nergie &eacute;lectrique <br /> carte &eacute;labor&eacute;e par <a href="mailto:lech.brzeszczak@ien.pw.edu.pl"> Lech Brzeszczak</a></p>',  1, '2012-06-04 10:39:09', 1),
(44, 1, 'TXT_MOSTVIEWS', 'Aktualności',1, '0000-00-00 00:00:00', 1),
(45, 2, 'TXT_MOSTVIEWS', 'Relevance',1, '0000-00-00 00:00:00', 1),
(46, 3, 'TXT_MOSTVIEWS', 'Nouvelles',1, '0000-00-00 00:00:00', 1),
(47, 2, 'TXT_SEARCH', 'Search',1, '0000-00-00 00:00:00', 1),
(48, 3, 'TXT_SEARCH', 'Rechercher',1, '0000-00-00 00:00:00', 1),
(49, 2, 'TXT_SEARCH_INPUT', 'Search...',1, '0000-00-00 00:00:00', 1),
(50, 3, 'TXT_SEARCH_INPUT', 'Rechercher...',1, '0000-00-00 00:00:00', 1),
(51, 2, 'TXT_SEARCH_BUTTON', 'Search.',1, '0000-00-00 00:00:00', 1),
(52, 3, 'TXT_SEARCH_BUTTON', 'Rechercher',1, '0000-00-00 00:00:00', 1),
(53, 1, 'TXT_FILESMOSTDOWNLOAD', 'Pliki najczęściej pobierane',1, '0000-00-00 00:00:00', 1),
(54, 2, 'TXT_FILESMOSTDOWNLOAD', 'Most often downloaded',1, '0000-00-00 00:00:00', 1),
(55, 3, 'TXT_FILESMOSTDOWNLOAD', 'Les plus téléchargés',1, '0000-00-00 00:00:00', 1),
(56, 1, 'TXT_MORE', 'więcej',1, '0000-00-00 00:00:00', 1),
(57, 2, 'TXT_MORE', 'more...',1, '0000-00-00 00:00:00', 1),
(58, 3, 'TXT_MORE', 'plus..',1, '0000-00-00 00:00:00', 1),
(59, 1, 'TXT_EMPLOYEES_LIST', 'lista pracowników:',1, '0000-00-00 00:00:00', 1),
(60, 2, 'TXT_EMPLOYEES_LIST', 'employees list:',1, '0000-00-00 00:00:00', 1),
(61, 3, 'TXT_EMPLOYEES_LIST', 'employé:',1, '0000-00-00 00:00:00', 1),
(62, 1, 'TXT_EMPLOYEES_ALL', 'wszyscy pracownicy',1, '0000-00-00 00:00:00', 1),
(63, 2, 'TXT_EMPLOYEES_ALL', 'show all employees',1, '0000-00-00 00:00:00', 1),
(64, 3, 'TXT_EMPLOYEES_ALL', 'voir tout les employés',1, '0000-00-00 00:00:00', 1),
(65, 1, 'TXT_ARTICLE_ALL', 'wszystkie artykuły',1, '0000-00-00 00:00:00', 1),
(66, 2, 'TXT_ARTICLE_ALL', 'all articles',1, '0000-00-00 00:00:00', 1),
(67, 3, 'TXT_ARTICLE_ALL', 'tout les articles',1, '0000-00-00 00:00:00', 1),
(68, 1, 'TXT_ARTICLELASTREAD', 'Ostatnio czytane',1, '0000-00-00 00:00:00', 1),
(69, 2, 'TXT_ARTICLELASTREAD', 'Frequently read',1, '0000-00-00 00:00:00', 1),
(70, 3, 'TXT_ARTICLELASTREAD', 'Les plus lus',1, '0000-00-00 00:00:00', 1),
(71, 1, 'TXT_RECENTLY_ADD', 'Ostatnio dodane',1, '0000-00-00 00:00:00', 1),
(72, 2, 'TXT_RECENTLY_ADD', 'Recently added',1, '0000-00-00 00:00:00', 1),
(73, 3, 'TXT_RECENTLY_ADD', 'Dernier Ajout',1, '0000-00-00 00:00:00', 1),
(74, 1, 'TXT_EMPTY', 'Brak wyników.',1, '0000-00-00 00:00:00', 1),
(75, 2, 'TXT_EMPTY', 'No results found.',1, '0000-00-00 00:00:00', 1),
(77, 3, 'TXT_EMPTY', 'Aucun résultat trouvé.',1, '0000-00-00 00:00:00', 1),
(78, 1, 'TXT_LASTVIEWS', 'ostatnie widoki',1, '0000-00-00 00:00:00', 1),
(79, 2, 'TXT_LASTVIEWS', 'last views',1, '0000-00-00 00:00:00', 1),
(80, 3, 'TXT_LASTVIEWS', 'Dernier vu',1, '0000-00-00 00:00:00', 1),
(81, 1, 'TXT_LASTMODIFIED', 'ostatnio zmodyfikowano',1, '0000-00-00 00:00:00', 1),
(83, 2, 'TXT_LASTMODIFIED', 'last modified',1, '0000-00-00 00:00:00', 1),
(84, 3, 'TXT_LASTMODIFIED', 'Dernier modifié',1, '0000-00-00 00:00:00', 1),
(85, 2, 'TXT_SEARCH_RESULTS', 'Search Results',1, '0000-00-00 00:00:00', 1),
(86, 3, 'TXT_SEARCH_RESULTS', 'Résultats de la Recherche',1, '0000-00-00 00:00:00', 1),
(87, 1, 'TXT_SEARCH_RESULTS', 'Wyniki wyszukiwania',1, '0000-00-00 00:00:00', 1)
;









DELETE FROM page;
INSERT INTO `page` (`id`, `lang_id`, `page_name`, `page_content`,`page_type`,`created_user_id`,`modified_dt`,`modified_user_id`) VALUES
(1, 1, 'img1', '<img src=\"/images/instytut_elektroenergetyki.jpg\" alt=\"instytut elektroenergetyki\" />', 'homepage',1, '0000-00-00 00:00:00', 1),
(2, 2, 'img2', '<img src=\"/images/instytut_elektroenergetyki.jpg\" alt=\"instytut elektroenergetyki\" />','homepage', 1, '0000-00-00 00:00:00', 1),
(3, 3, 'img3', '<img src=\"/images/instytut_elektroenergetyki.jpg\" alt=\"instytut elektroenergetyki\" />','homepage', 1, '0000-00-00 00:00:00', 1),
(4, 3, 'page3', 'page 1 FRA','page_article', 1, '0000-00-00 00:00:00', 1),
(5, 1, 'page4', 'page 2 POL','page_article', 1, '0000-00-00 00:00:00', 1),
(6, 2, 'page5', 'page 2 ENG','page_article', 1, '0000-00-00 00:00:00', 1),
(7, 3, 'page6', 'page 2 FRA','page_article', 1, '0000-00-00 00:00:00', 1),
(8, 1, 'page7', 'page 3 POL','page_article', 1, '0000-00-00 00:00:00', 1),
(9, 2, 'page8', 'page 3 ENG','page_article', 1, '0000-00-00 00:00:00', 1),
(10, 3, 'page9', 'page 3 FRA','page_article', 1, '0000-00-00 00:00:00', 1),
(11, 1, 'page10', 'page 4 POL','page_article', 1, '0000-00-00 00:00:00', 1),
(12, 2, 'page11', 'page 4 ENG','page_article', 1, '0000-00-00 00:00:00', 1),
(13, 3, 'page12', 'page 4 FRA','page_article', 1, '0000-00-00 00:00:00', 1),
(14, 3, 'page14', 'page 4 FRA','page_article', 1, '0000-00-00 00:00:00', 1),
(15, 3, 'page15', 'page 4 FRA','page_article', 1, '0000-00-00 00:00:00', 1),
(16, 2, 'How do I go from Central Station to the Institute of Electrical Power', '<h3>How do I go from Central Station to the Institute of Electrical Power</h3><p><img src="http://www.domurat.home.pl/ien/page_img/image/plan_terenu_pw.jpg" alt="" /></p><p>The map was developed <a href="mailto:lech.brzeszczak@ien.pw.edu.pl"> </a>by<a class="carttext" href="mailto:lech.brzeszczak@ien.pw.edu.pl"> Lecha Brzeszczaka</a>.</p>','page_article', 1, '0000-00-00 00:00:00', 1),
(17, 1,'Jak przejść z Dworca Centralnego a do Instytutu Elektroenergetyki ', '<h3>Jak przejść z Dworca Centralnego a do Instytutu Elektroenergetyki</h3><p><img src="http://www.domurat.home.pl/ien/page_img/image/plan_terenu_pw.jpg" alt="" /></p><p>Mapę opracował <a href="mailto:lech.brzeszczak@ien.pw.edu.pl"> </a>by<a class="carttext" href="mailto:lech.brzeszczak@ien.pw.edu.pl"> Lecha Brzeszczaka</a>.</p>', 'page_article',1, '0000-00-00 00:00:00', 1),
(18, 3, 'Comment se rendre de la gare centrale à l\'institut de l\'énergie électrique', '<h3>Comment se rendre de la gare centrale à l\'institut de l\'énergie électrique</h3><p><img src="http://www.domurat.home.pl/ien/page_img/image/plan_terenu_pw.jpg" alt="" /></p><p>carte élaborée par <a href="mailto:lech.brzeszczak@ien.pw.edu.pl"> </a>by<a class="carttext" href="mailto:lech.brzeszczak@ien.pw.edu.pl"> Lecha Brzeszczaka</a>.</p>','page_article', 1, '0000-00-00 00:00:00', 1),
(19, 1,'page19','Sieci i Systemów Elektroenergetycznych', 'page_institute',1, '0000-00-00 00:00:00', 1),
(20, 1,'page20','Automatyki Elektroenergetycznej','page_institute', 1, '0000-00-00 00:00:00', 1),
(21, 1,'page21','Elektrowni i Gospodarki Elektroenergetycznej', 'page_institute', 1, '0000-00-00 00:00:00', 1),
(22, 1,'page22','Zespół Techniki Świetlnej', 'page_institute', 1, '0000-00-00 00:00:00', 1),
(23, 1,'page23','Zespół Elektrotermii','page_institute',  1, '0000-00-00 00:00:00', 1),
(24, 2,'page24','Electricity Networks and Systems', 'page_institute', 1, '0000-00-00 00:00:00', 1),
(25, 1,'page25','Plant Business and Economy Elektroenergetyczne', 'page_institute', 1, '0000-00-00 00:00:00', 1),
(26, 1,'page26','Polish team light-On Technology',  'page_institute',1, '0000-00-00 00:00:00', 1),
(27, 1,'page27','Dział Ekonomiczny','page_institute', 1, '0000-00-00 00:00:00', 1),
(28, 1,'page28','Administracja Instytutu','page_institute', 1, '0000-00-00 00:00:00', 1),
(29, 2,'page29','ENGLISHBRANCH', 'page_institute',1, '0000-00-00 00:00:00', 1),
(30, 3,'page30','SISIBRANCHEFRANCAISEGROS','page_institute',  1, '0000-00-00 00:00:00', 1),
(31, 1, 'testarticlepolonais2','tak tak tak','page_article', 1, '0000-00-00 00:00:00', 1),
(32, 1, 'Artykuł o Instytucie Elektroenergetyki','<h1>Instytut Elektroenergetyki</h1><p>Zapraszamy do zapoznania się z <strong>Insytutem Elektroenergetyki</strong>.</p>','page_article', 1, '0000-00-00 00:00:00', 1),
(100,1,'osobista strona Stanislaw Ziemianek','page content: osobista strona Stanislaw Ziemianek','page_article',1,'0000-00-00 00:00:00',1),
(101,2,'hompage of  Stanislaw Ziemianek','page content: hompage of  Stanislaw Ziemianek','page_article',1,'0000-00-00 00:00:00',1),
(102,3,'page personelle de Stanislaw Ziemianek','page content: page personelle de Stanislaw Ziemianek','page_article',1,'0000-00-00 00:00:00',1),
(103,1,'osobista strona Monika Karska','page content: osobista strona Monika Karska','page_article',1,'0000-00-00 00:00:00',1),
(104,2,'hompage of  Monika Karska','page content: hompage of  Monika Karska','page_article',1,'0000-00-00 00:00:00',1),
(105,3,'page personelle de Monika Karska','page content: page personelle de Monika Karska','page_article',1,'0000-00-00 00:00:00',1),
(106,1,'osobista strona Dariusz Baczynski','page content: osobista strona Dariusz Baczynski','page_article',1,'0000-00-00 00:00:00',1),
(107,2,'hompage of  Dariusz Baczynski','page content: hompage of  Dariusz Baczynski','page_article',1,'0000-00-00 00:00:00',1),
(108,3,'page personelle de Dariusz Baczynski','page content: page personelle de Dariusz Baczynski','page_article',1,'0000-00-00 00:00:00',1),
(109,1,'osobista strona Slawomir Bielecki','page content: osobista strona Slawomir Bielecki','page_article',1,'0000-00-00 00:00:00',1),
(110,2,'hompage of  Slawomir Bielecki','page content: hompage of  Slawomir Bielecki','page_article',1,'0000-00-00 00:00:00',1),
(111,3,'page personelle de Slawomir Bielecki','page content: page personelle de Slawomir Bielecki','page_article',1,'0000-00-00 00:00:00',1),
(112,1,'osobista strona Peter Totalement','page content: osobista strona Peter Totalement','page_article',1,'0000-00-00 00:00:00',1),
(113,2,'hompage of  Peter Totalement','page content: hompage of  Peter Totalement','page_article',1,'0000-00-00 00:00:00',1),
(114,3,'page personelle de Peter Totalement','page content: page personelle de Peter Totalement','page_article',1,'0000-00-00 00:00:00',1),
(115,1,'osobista strona Christopher Księżyk','page content: osobista strona Christopher Księżyk','page_article',1,'0000-00-00 00:00:00',1),
(116,2,'hompage of  Christopher Księżyk','page content: hompage of  Christopher Księżyk','page_article',1,'0000-00-00 00:00:00',1),
(117,3,'page personelle de Christopher Księżyk','page content: page personelle de Christopher Księżyk','page_article',1,'0000-00-00 00:00:00',1),
(118,1,'osobista strona Szczesny Kujszczyk','page content: osobista strona Szczesny Kujszczyk','page_article',1,'0000-00-00 00:00:00',1),
(119,2,'hompage of  Szczesny Kujszczyk','page content: hompage of  Szczesny Kujszczyk','page_article',1,'0000-00-00 00:00:00',1),
(120,3,'page personelle de Szczesny Kujszczyk','page content: page personelle de Szczesny Kujszczyk','page_article',1,'0000-00-00 00:00:00',1),
(121,1,'osobista strona George Marzecki','page content: osobista strona George Marzecki','page_article',1,'0000-00-00 00:00:00',1),
(122,2,'hompage of  George Marzecki','page content: hompage of  George Marzecki','page_article',1,'0000-00-00 00:00:00',1),
(123,3,'page personelle de George Marzecki','page content: page personelle de George Marzecki','page_article',1,'0000-00-00 00:00:00',1),
(124,1,'osobista strona Andrew Momot','page content: osobista strona Andrew Momot','page_article',1,'0000-00-00 00:00:00',1),
(125,2,'hompage of  Andrew Momot','page content: hompage of  Andrew Momot','page_article',1,'0000-00-00 00:00:00',1),
(126,3,'page personelle de Andrew Momot','page content: page personelle de Andrew Momot','page_article',1,'0000-00-00 00:00:00',1),
(127,1,'osobista strona Miroslaw Parol','page content: osobista strona Miroslaw Parol','page_article',1,'0000-00-00 00:00:00',1),
(128,2,'hompage of  Miroslaw Parol','page content: hompage of  Miroslaw Parol','page_article',1,'0000-00-00 00:00:00',1),
(129,3,'page personelle de Miroslaw Parol','page content: page personelle de Miroslaw Parol','page_article',1,'0000-00-00 00:00:00',1),
(130,1,'osobista strona Paul Piotrowski','page content: osobista strona Paul Piotrowski','page_article',1,'0000-00-00 00:00:00',1),
(131,2,'hompage of  Paul Piotrowski','page content: hompage of  Paul Piotrowski','page_article',1,'0000-00-00 00:00:00',1),
(132,3,'page personelle de Paul Piotrowski','page content: page personelle de Paul Piotrowski','page_article',1,'0000-00-00 00:00:00',1),
(133,1,'osobista strona Jacek Wasilewski','page content: osobista strona Jacek Wasilewski','page_article',1,'0000-00-00 00:00:00',1),
(134,2,'hompage of  Jacek Wasilewski','page content: hompage of  Jacek Wasilewski','page_article',1,'0000-00-00 00:00:00',1),
(135,3,'page personelle de Jacek Wasilewski','page content: page personelle de Jacek Wasilewski','page_article',1,'0000-00-00 00:00:00',1),
(136,1,'osobista strona Thomas Wojtowicz','page content: osobista strona Thomas Wojtowicz','page_article',1,'0000-00-00 00:00:00',1),
(137,2,'hompage of  Thomas Wojtowicz','page content: hompage of  Thomas Wojtowicz','page_article',1,'0000-00-00 00:00:00',1),
(138,3,'page personelle de Thomas Wojtowicz','page content: page personelle de Thomas Wojtowicz','page_article',1,'0000-00-00 00:00:00',1),
(139,1,'osobista strona Thomas Potier','page content: osobista strona Thomas Potier','page_article',1,'0000-00-00 00:00:00',1),
(140,2,'hompage of  Thomas Potier','page content: hompage of  Thomas Potier','page_article',1,'0000-00-00 00:00:00',1),
(141,3,'page personelle de Thomas Potier','page content: page personelle de Thomas Potier','page_article',1,'0000-00-00 00:00:00',1),
(142,1,'osobista strona Désir Rasolomampionona','page content: osobista strona Désir Rasolomampionona','page_article',1,'0000-00-00 00:00:00',1),
(143,2,'hompage of  Désir Rasolomampionona','page content: hompage of  Désir Rasolomampionona','page_article',1,'0000-00-00 00:00:00',1),
(144,3,'page personelle de Désir Rasolomampionona','page content: page personelle de Désir Rasolomampionona','page_article',1,'0000-00-00 00:00:00',1),
(145,1,'osobista strona Eve Wroblewska','page content: osobista strona Eve Wroblewska','page_article',1,'0000-00-00 00:00:00',1),
(146,2,'hompage of  Eve Wroblewska','page content: hompage of  Eve Wroblewska','page_article',1,'0000-00-00 00:00:00',1),
(147,3,'page personelle de Eve Wroblewska','page content: page personelle de Eve Wroblewska','page_article',1,'0000-00-00 00:00:00',1),
(148,1,'osobista strona Lech Brzeszczak','page content: osobista strona Lech Brzeszczak','page_article',1,'0000-00-00 00:00:00',1),
(149,2,'hompage of  Lech Brzeszczak','page content: hompage of  Lech Brzeszczak','page_article',1,'0000-00-00 00:00:00',1),
(150,3,'page personelle de Lech Brzeszczak','page content: page personelle de Lech Brzeszczak','page_article',1,'0000-00-00 00:00:00',1),
(151,1,'osobista strona Marcin Januszewski','page content: osobista strona Marcin Januszewski','page_article',1,'0000-00-00 00:00:00',1),
(152,2,'hompage of  Marcin Januszewski','page content: hompage of  Marcin Januszewski','page_article',1,'0000-00-00 00:00:00',1),
(153,3,'page personelle de Marcin Januszewski','page content: page personelle de Marcin Januszewski','page_article',1,'0000-00-00 00:00:00',1),
(154,1,'osobista strona Raphaël Jarnutowski','page content: osobista strona Raphaël Jarnutowski','page_article',1,'0000-00-00 00:00:00',1),
(155,2,'hompage of  Raphaël Jarnutowski','page content: hompage of  Raphaël Jarnutowski','page_article',1,'0000-00-00 00:00:00',1),
(156,3,'page personelle de Raphaël Jarnutowski','page content: page personelle de Raphaël Jarnutowski','page_article',1,'0000-00-00 00:00:00',1),
(157,1,'osobista strona Richard Kowalik','page content: osobista strona Richard Kowalik','page_article',1,'0000-00-00 00:00:00',1),
(158,2,'hompage of  Richard Kowalik','page content: hompage of  Richard Kowalik','page_article',1,'0000-00-00 00:00:00',1),
(159,3,'page personelle de Richard Kowalik','page content: page personelle de Richard Kowalik','page_article',1,'0000-00-00 00:00:00',1),
(160,1,'osobista strona Jan Machowski','page content: osobista strona Jan Machowski','page_article',1,'0000-00-00 00:00:00',1),
(161,2,'hompage of  Jan Machowski','page content: hompage of  Jan Machowski','page_article',1,'0000-00-00 00:00:00',1),
(162,3,'page personelle de Jan Machowski','page content: page personelle de Jan Machowski','page_article',1,'0000-00-00 00:00:00',1),
(163,1,'osobista strona Andrew Magdziarz','page content: osobista strona Andrew Magdziarz','page_article',1,'0000-00-00 00:00:00',1),
(164,2,'hompage of  Andrew Magdziarz','page content: hompage of  Andrew Magdziarz','page_article',1,'0000-00-00 00:00:00',1),
(165,3,'page personelle de Andrew Magdziarz','page content: page personelle de Andrew Magdziarz','page_article',1,'0000-00-00 00:00:00',1),
(166,1,'osobista strona Wieslaw Myrcha','page content: osobista strona Wieslaw Myrcha','page_article',1,'0000-00-00 00:00:00',1),
(167,2,'hompage of  Wieslaw Myrcha','page content: hompage of  Wieslaw Myrcha','page_article',1,'0000-00-00 00:00:00',1),
(168,3,'page personelle de Wieslaw Myrcha','page content: page personelle de Wieslaw Myrcha','page_article',1,'0000-00-00 00:00:00',1),
(169,1,'osobista strona Luc Plutôt','page content: osobista strona Luc Plutôt','page_article',1,'0000-00-00 00:00:00',1),
(170,2,'hompage of  Luc Plutôt','page content: hompage of  Luc Plutôt','page_article',1,'0000-00-00 00:00:00',1),
(171,3,'page personelle de Luc Plutôt','page content: page personelle de Luc Plutôt','page_article',1,'0000-00-00 00:00:00',1),
(172,1,'osobista strona Adam Smolarczyk','page content: osobista strona Adam Smolarczyk','page_article',1,'0000-00-00 00:00:00',1),
(173,2,'hompage of  Adam Smolarczyk','page content: hompage of  Adam Smolarczyk','page_article',1,'0000-00-00 00:00:00',1),
(174,3,'page personelle de Adam Smolarczyk','page content: page personelle de Adam Smolarczyk','page_article',1,'0000-00-00 00:00:00',1),
(175,1,'osobista strona Zbigniew Zagan','page content: osobista strona Zbigniew Zagan','page_article',1,'0000-00-00 00:00:00',1),
(176,2,'hompage of  Zbigniew Zagan','page content: hompage of  Zbigniew Zagan','page_article',1,'0000-00-00 00:00:00',1),
(177,3,'page personelle de Zbigniew Zagan','page content: page personelle de Zbigniew Zagan','page_article',1,'0000-00-00 00:00:00',1),
(178,1,'osobista strona Joseph Un peu','page content: osobista strona Joseph Un peu','page_article',1,'0000-00-00 00:00:00',1),
(179,2,'hompage of  Joseph Un peu','page content: hompage of  Joseph Un peu','page_article',1,'0000-00-00 00:00:00',1),
(180,3,'page personelle de Joseph Un peu','page content: page personelle de Joseph Un peu','page_article',1,'0000-00-00 00:00:00',1),
(181,1,'osobista strona Iwona Sadurska','page content: osobista strona Iwona Sadurska','page_article',1,'0000-00-00 00:00:00',1),
(182,2,'hompage of  Iwona Sadurska','page content: hompage of  Iwona Sadurska','page_article',1,'0000-00-00 00:00:00',1),
(183,3,'page personelle de Iwona Sadurska','page content: page personelle de Iwona Sadurska','page_article',1,'0000-00-00 00:00:00',1),
(184,1,'osobista strona Peter Bichel','page content: osobista strona Peter Bichel','page_article',1,'0000-00-00 00:00:00',1),
(185,2,'hompage of  Peter Bichel','page content: hompage of  Peter Bichel','page_article',1,'0000-00-00 00:00:00',1),
(186,3,'page personelle de Peter Bichel','page content: page personelle de Peter Bichel','page_article',1,'0000-00-00 00:00:00',1),
(187,1,'osobista strona Antoni Dmowski','page content: osobista strona Antoni Dmowski','page_article',1,'0000-00-00 00:00:00',1),
(188,2,'hompage of  Antoni Dmowski','page content: hompage of  Antoni Dmowski','page_article',1,'0000-00-00 00:00:00',1),
(189,3,'page personelle de Antoni Dmowski','page content: page personelle de Antoni Dmowski','page_article',1,'0000-00-00 00:00:00',1),
(190,1,'osobista strona Andrew Kądzielawa','page content: osobista strona Andrew Kądzielawa','page_article',1,'0000-00-00 00:00:00',1),
(191,2,'hompage of  Andrew Kądzielawa','page content: hompage of  Andrew Kądzielawa','page_article',1,'0000-00-00 00:00:00',1),
(192,3,'page personelle de Andrew Kądzielawa','page content: page personelle de Andrew Kądzielawa','page_article',1,'0000-00-00 00:00:00',1),
(193,1,'osobista strona Mariusz Oreille','page content: osobista strona Mariusz Oreille','page_article',1,'0000-00-00 00:00:00',1),
(194,2,'hompage of  Mariusz Oreille','page content: hompage of  Mariusz Oreille','page_article',1,'0000-00-00 00:00:00',1),
(195,3,'page personelle de Mariusz Oreille','page content: page personelle de Mariusz Oreille','page_article',1,'0000-00-00 00:00:00',1),
(196,1,'osobista strona Zygmunt Pawełkowicz','page content: osobista strona Zygmunt Pawełkowicz','page_article',1,'0000-00-00 00:00:00',1),
(197,2,'hompage of  Zygmunt Pawełkowicz','page content: hompage of  Zygmunt Pawełkowicz','page_article',1,'0000-00-00 00:00:00',1),
(198,3,'page personelle de Zygmunt Pawełkowicz','page content: page personelle de Zygmunt Pawełkowicz','page_article',1,'0000-00-00 00:00:00',1),
(199,1,'osobista strona Andrew Pawlęga','page content: osobista strona Andrew Pawlęga','page_article',1,'0000-00-00 00:00:00',1),
(200,2,'hompage of  Andrew Pawlęga','page content: hompage of  Andrew Pawlęga','page_article',1,'0000-00-00 00:00:00',1),
(201,3,'page personelle de Andrew Pawlęga','page content: page personelle de Andrew Pawlęga','page_article',1,'0000-00-00 00:00:00',1),
(202,1,'osobista strona Eugène Tomaszewicz','page content: osobista strona Eugène Tomaszewicz','page_article',1,'0000-00-00 00:00:00',1),
(203,2,'hompage of  Eugène Tomaszewicz','page content: hompage of  Eugène Tomaszewicz','page_article',1,'0000-00-00 00:00:00',1),
(204,3,'page personelle de Eugène Tomaszewicz','page content: page personelle de Eugène Tomaszewicz','page_article',1,'0000-00-00 00:00:00',1),
(205,1,'osobista strona Andrew Zakrzewski','page content: osobista strona Andrew Zakrzewski','page_article',1,'0000-00-00 00:00:00',1),
(206,2,'hompage of  Andrew Zakrzewski','page content: hompage of  Andrew Zakrzewski','page_article',1,'0000-00-00 00:00:00',1),
(207,3,'page personelle de Andrew Zakrzewski','page content: page personelle de Andrew Zakrzewski','page_article',1,'0000-00-00 00:00:00',1),
(208,1,'osobista strona Wojciech Zagan','page content: osobista strona Wojciech Zagan','page_article',1,'0000-00-00 00:00:00',1),
(209,2,'hompage of  Wojciech Zagan','page content: hompage of  Wojciech Zagan','page_article',1,'0000-00-00 00:00:00',1),
(210,3,'page personelle de Wojciech Zagan','page content: page personelle de Wojciech Zagan','page_article',1,'0000-00-00 00:00:00',1),
(211,1,'osobista strona Jolanta Miszczak','page content: osobista strona Jolanta Miszczak','page_article',1,'0000-00-00 00:00:00',1),
(212,2,'hompage of  Jolanta Miszczak','page content: hompage of  Jolanta Miszczak','page_article',1,'0000-00-00 00:00:00',1),
(213,3,'page personelle de Jolanta Miszczak','page content: page personelle de Jolanta Miszczak','page_article',1,'0000-00-00 00:00:00',1),
(214,1,'osobista strona Dariusz Czyzewski','page content: osobista strona Dariusz Czyzewski','page_article',1,'0000-00-00 00:00:00',1),
(215,2,'hompage of  Dariusz Czyzewski','page content: hompage of  Dariusz Czyzewski','page_article',1,'0000-00-00 00:00:00',1),
(216,3,'page personelle de Dariusz Czyzewski','page content: page personelle de Dariusz Czyzewski','page_article',1,'0000-00-00 00:00:00',1),
(217,1,'osobista strona Raphaël Krupinski','page content: osobista strona Raphaël Krupinski','page_article',1,'0000-00-00 00:00:00',1),
(218,2,'hompage of  Raphaël Krupinski','page content: hompage of  Raphaël Krupinski','page_article',1,'0000-00-00 00:00:00',1),
(219,3,'page personelle de Raphaël Krupinski','page content: page personelle de Raphaël Krupinski','page_article',1,'0000-00-00 00:00:00',1),
(220,1,'osobista strona Vladimir Niebuda','page content: osobista strona Vladimir Niebuda','page_article',1,'0000-00-00 00:00:00',1),
(221,2,'hompage of  Vladimir Niebuda','page content: hompage of  Vladimir Niebuda','page_article',1,'0000-00-00 00:00:00',1),
(222,3,'page personelle de Vladimir Niebuda','page content: page personelle de Vladimir Niebuda','page_article',1,'0000-00-00 00:00:00',1),
(223,1,'osobista strona Peter Pracki','page content: osobista strona Peter Pracki','page_article',1,'0000-00-00 00:00:00',1),
(224,2,'hompage of  Peter Pracki','page content: hompage of  Peter Pracki','page_article',1,'0000-00-00 00:00:00',1),
(225,3,'page personelle de Peter Pracki','page content: page personelle de Peter Pracki','page_article',1,'0000-00-00 00:00:00',1),
(226,1,'osobista strona Saint-Sylvestre Ver','page content: osobista strona Saint-Sylvestre Ver','page_article',1,'0000-00-00 00:00:00',1),
(227,2,'hompage of  Saint-Sylvestre Ver','page content: hompage of  Saint-Sylvestre Ver','page_article',1,'0000-00-00 00:00:00',1),
(228,3,'page personelle de Saint-Sylvestre Ver','page content: page personelle de Saint-Sylvestre Ver','page_article',1,'0000-00-00 00:00:00',1),
(229,1,'osobista strona Andrew Wisniewski','page content: osobista strona Andrew Wisniewski','page_article',1,'0000-00-00 00:00:00',1),
(230,2,'hompage of  Andrew Wisniewski','page content: hompage of  Andrew Wisniewski','page_article',1,'0000-00-00 00:00:00',1),
(231,3,'page personelle de Andrew Wisniewski','page content: page personelle de Andrew Wisniewski','page_article',1,'0000-00-00 00:00:00',1),
(232,1,'osobista strona Slawomir Zalewski','page content: osobista strona Slawomir Zalewski','page_article',1,'0000-00-00 00:00:00',1),
(233,2,'hompage of  Slawomir Zalewski','page content: hompage of  Slawomir Zalewski','page_article',1,'0000-00-00 00:00:00',1),
(234,3,'page personelle de Slawomir Zalewski','page content: page personelle de Slawomir Zalewski','page_article',1,'0000-00-00 00:00:00',1),
(235,1,'osobista strona Adam Czaplicki','page content: osobista strona Adam Czaplicki','page_article',1,'0000-00-00 00:00:00',1),
(236,2,'hompage of  Adam Czaplicki','page content: hompage of  Adam Czaplicki','page_article',1,'0000-00-00 00:00:00',1),
(237,3,'page personelle de Adam Czaplicki','page content: page personelle de Adam Czaplicki','page_article',1,'0000-00-00 00:00:00',1),
(238,1,'osobista strona Mieczyslaw Hareng','page content: osobista strona Mieczyslaw Hareng','page_article',1,'0000-00-00 00:00:00',1),
(239,2,'hompage of  Mieczyslaw Hareng','page content: hompage of  Mieczyslaw Hareng','page_article',1,'0000-00-00 00:00:00',1),
(240,3,'page personelle de Mieczyslaw Hareng','page content: page personelle de Mieczyslaw Hareng','page_article',1,'0000-00-00 00:00:00',1),
(241,1,'osobista strona Jan Kabata','page content: osobista strona Jan Kabata','page_article',1,'0000-00-00 00:00:00',1),
(242,2,'hompage of  Jan Kabata','page content: hompage of  Jan Kabata','page_article',1,'0000-00-00 00:00:00',1),
(243,3,'page personelle de Jan Kabata','page content: page personelle de Jan Kabata','page_article',1,'0000-00-00 00:00:00',1),
(244,1,'osobista strona Daniel Kucharski','page content: osobista strona Daniel Kucharski','page_article',1,'0000-00-00 00:00:00',1),
(245,2,'hompage of  Daniel Kucharski','page content: hompage of  Daniel Kucharski','page_article',1,'0000-00-00 00:00:00',1),
(246,3,'page personelle de Daniel Kucharski','page content: page personelle de Daniel Kucharski','page_article',1,'0000-00-00 00:00:00',1),
(247,1,'osobista strona Richard Niedbała','page content: osobista strona Richard Niedbała','page_article',1,'0000-00-00 00:00:00',1),
(248,2,'hompage of  Richard Niedbała','page content: hompage of  Richard Niedbała','page_article',1,'0000-00-00 00:00:00',1),
(249,3,'page personelle de Richard Niedbała','page content: page personelle de Richard Niedbała','page_article',1,'0000-00-00 00:00:00',1),
(250,1,'osobista strona Marcin Wesolowski','page content: osobista strona Marcin Wesolowski','page_article',1,'0000-00-00 00:00:00',1),
(251,2,'hompage of  Marcin Wesolowski','page content: hompage of  Marcin Wesolowski','page_article',1,'0000-00-00 00:00:00',1),
(252,3,'page personelle de Marcin Wesolowski','page content: page personelle de Marcin Wesolowski','page_article',1,'0000-00-00 00:00:00',1),
(253,1,'osobista strona Halina Jurkiewicz','page content: osobista strona Halina Jurkiewicz','page_article',1,'0000-00-00 00:00:00',1),
(254,2,'hompage of  Halina Jurkiewicz','page content: hompage of  Halina Jurkiewicz','page_article',1,'0000-00-00 00:00:00',1),
(255,3,'page personelle de Halina Jurkiewicz','page content: page personelle de Halina Jurkiewicz','page_article',1,'0000-00-00 00:00:00',1),
(256,1,'osobista strona Catherine Sonner','page content: osobista strona Catherine Sonner','page_article',1,'0000-00-00 00:00:00',1),
(257,2,'hompage of  Catherine Sonner','page content: hompage of  Catherine Sonner','page_article',1,'0000-00-00 00:00:00',1),
(258,3,'page personelle de Catherine Sonner','page content: page personelle de Catherine Sonner','page_article',1,'0000-00-00 00:00:00',1),
(259,1,'osobista strona Edith Karzewska','page content: osobista strona Edith Karzewska','page_article',1,'0000-00-00 00:00:00',1),
(260,2,'hompage of  Edith Karzewska','page content: hompage of  Edith Karzewska','page_article',1,'0000-00-00 00:00:00',1),
(261,3,'page personelle de Edith Karzewska','page content: page personelle de Edith Karzewska','page_article',1,'0000-00-00 00:00:00',1),
(262,1,'osobista strona Janina Bukowska','page content: osobista strona Janina Bukowska','page_article',1,'0000-00-00 00:00:00',1),
(263,2,'hompage of  Janina Bukowska','page content: hompage of  Janina Bukowska','page_article',1,'0000-00-00 00:00:00',1),
(264,3,'page personelle de Janina Bukowska','page content: page personelle de Janina Bukowska','page_article',1,'0000-00-00 00:00:00',1),
(265,1,'osobista strona Edward Bielawski','page content: osobista strona Edward Bielawski','page_article',1,'0000-00-00 00:00:00',1),
(266,2,'hompage of  Edward Bielawski','page content: hompage of  Edward Bielawski','page_article',1,'0000-00-00 00:00:00',1),
(267,3,'page personelle de Edward Bielawski','page content: page personelle de Edward Bielawski','page_article',1,'0000-00-00 00:00:00',1);



DELETE FROM `menu`;
INSERT INTO `menu` (`id`,`lang_id`,`parent_menu_id`,`menu_name`,`page_id`,`module`,`action`,`created_user_id`,`modified_dt`,`modified_user_id`) VALUES
(1, 1, NULL, 'Strona główna', 1, 'page', 'homepage', 1, '0000-00-00 00:00:00', 1), 
(2, 2, NULL, 'Home', 2,  'page', 'homepage', 1, '0000-00-00 00:00:00', 1),
(3, 3, NULL, 'Accueil', 3, 'page', 'homepage', 1, '0000-00-00 00:00:00', 1),
(4, 1, NULL, 'Instytut', 2, 'page', 'show', 1, '0000-00-00 00:00:00', 1), 
(5, 2, NULL, 'Institute', 3, 'page', 'show', 1, '0000-00-00 00:00:00', 1),
(6, 3, NULL, 'Institut', 4, 'page', 'show', 1, '0000-00-00 00:00:00', 1),
(7, 1, 4, 'Pracownicy', 2, 'page', 'show', 1, '0000-00-00 00:00:00', 1),
(8, 2, 5, 'Employees', 3, 'page', 'show', 1, '0000-00-00 00:00:00', 1),
(9, 3, 6, 'Employés', 4, 'page', 'show', 1, '0000-00-00 00:00:00', 1),
(10, 1, NULL, 'Dydaktyka', 5, 'page', 'show', 1, '0000-00-00 00:00:00', 1), 
(11, 2, NULL, 'Teaching', 6, 'page', 'show', 1, '0000-00-00 00:00:00', 1),
(12, 3, NULL, 'Enseignement', 7, 'page', 'show', 1, '0000-00-00 00:00:00', 1),
(13, 1, 10, 'Harmonogram', 5, 'page', 'show', 1, '0000-00-00 00:00:00', 1), 
(14, 2, 11, 'Schedule', 6, 'page', 'show', 1, '0000-00-00 00:00:00', 1),
(15, 3, 12, 'Calendrier', 7, 'page', 'show', 1, '0000-00-00 00:00:00', 1),
(16, 1, 10, 'Plan zajęć, Konsultacje', 5 , 'page', 'show', 1, '0000-00-00 00:00:00', 1), 
(17, 2, 11, 'Timetable, Consultation', 6, 'page', 'show', 1, '0000-00-00 00:00:00', 1),
(18, 3, 12, 'Horaires, Consultation', 7, 'page', 'show', 1, '0000-00-00 00:00:00', 1),
(19, 1, NULL, 'Działalność naukowa', 8, 'page', 'show', 1, '0000-00-00 00:00:00', 1), 
(20, 2, NULL, 'Research activities', 9, 'page', 'show', 1, '0000-00-00 00:00:00', 1),
(21, 3, NULL, 'Recherches', 10, 'page', 'show', 1, '0000-00-00 00:00:00', 1),
(22, 1, 19, 'Raporty roczne', null, 'page', 'show', 1, '0000-00-00 00:00:00', 1),
(23, 2, 20, 'Annual reports', 9, 'page', 'show', 1, '0000-00-00 00:00:00', 1),
(24, 3, 21, 'Rapports annuels', 10, 'page', 'show', 1, '0000-00-00 00:00:00', 1),
(25, 1, NULL, 'Inne informacje', 11, 'page', 'show', 1, '0000-00-00 00:00:00', 1), 
(26, 2, NULL, 'Other information', 12, 'page', 'show', 1, '0000-00-00 00:00:00', 1),
(27, 3, NULL, 'Autres informations', 13, 'page', 'show', 1, '0000-00-00 00:00:00', 1),
(28, 1, 25, 'Czasopisma zagraniczne', 11, 'page', 'show', 1, '0000-00-00 00:00:00', 1),
(29, 2, 26, 'Foreign journals', 12, 'page', 'show', 1, '0000-00-00 00:00:00', 1),
(30, 3, 27, 'Revues étrangères', 13, 'page', 'show', 1, '0000-00-00 00:00:00', 1);




DELETE FROM `article`;
INSERT INTO `article` (`id`,`lang_id`,`page_id`,`article_name`,`article_publish`,`visible_flag`,`created_user_id`,`modified_dt`,`modified_user_id`) VALUES
(1, 1, 5, 'testarticlepolonais', 1, 1, 1, '0000-00-00 00:00:00', 1),
(2, 1, 31, 'testarticlepolonais2', 1, 1, 1, '0000-00-00 00:00:00', 1),
(3, 3, 7, 'testarticlefr1', 1, 0, 1, '0000-00-00 00:00:00', 1),
(4, 2, 10, 'testarticlefr2',1, 1, 1, '0000-00-00 00:00:00', 1),
(5, 1, 32, 'Artykuł o Instytucie Elektroenergetyki', 1, 1, 1, '0000-00-00 00:00:00', 1);



DELETE FROM `institute`;
INSERT INTO `institute` (`id`, `institute_name`, `lang_id`, `created_dt`, `created_user_id`, `modified_dt`, `modified_user_id`) VALUES
(1, 'Instytut Elektroenergetyki', 1, '2012-06-05 11:40:34', 1, '2012-06-05 11:40:34', 1);

DELETE FROM `branch`;
INSERT INTO `branch` (`id`, `branch_name`, `institute_id`, `created_dt`, `created_user_id`, `modified_dt`, `modified_user_id`, `lang_id`, `symbol`, `active`, `page_id`) VALUES
(1, 'Zakład Sieci i Systemów Elektroenergetycznych', 1, '2012-06-05 12:04:57', 1, '2012-06-05 12:04:57', 1, 1, 'SIS', 1,19),
(2, 'Zakład Automatyki Elektroenergetycznej', 1, '2012-06-05 12:10:03', 1, '2012-06-05 12:10:03', 1, 1, 'AE', 1,20),
(3, 'Zakład Elektrowni i Gospodarki Elektroenergetycznej', 1, '2012-06-05 12:10:03', 1, '2012-06-05 12:10:03', 1, 1, 'EiG', 1,21),
(4, 'Zespół Techniki Świetlnej', 1, '2012-06-05 12:13:27', 1, '2012-06-05 12:13:27', 1, 1, 'TS', 1,22),
(5, 'Zespół Elektrotermii', 1, '2012-06-05 12:13:27', 1, '2012-06-05 12:13:27', 1, 1, '', 1,23),
(6, 'Department of Electricity Networks and Systems', 1, '2012-06-05 12:16:23', 1, '2012-06-05 12:16:23', 1, 2, 'SIS', 1,24),
(7, 'Plant Business and Economy Elektroenergetyczne', 1, '2012-06-05 12:16:23', 1, '2012-06-05 12:16:23', 1, 2, 'EiG', 1,25),
(8, 'Polish team light-On Technology', 1, '2012-06-05 12:16:23', 1, '2012-06-05 12:16:23', 1, 2, 'TS', 1,26),
(9, 'Dział Ekonomiczny', 1, '2012-06-05 12:17:46', 1, '2012-06-05 12:17:46', 1, 1, 'Ekon', 0,27),
(10, 'Administracja Instytutu', 1, '2012-06-05 12:18:53', 1, '2012-06-05 12:18:53', 1, 1, 'Adm', 1,28);


DELETE FROM `employee`;
INSERT INTO `employee` (`id`,`user_id`,`branch_id`,`lang_id`,`title`,`function_name`,`phone`,`phone2`,`page_id`,`created_dt`,`created_user_id`,`modified_dt`,`modified_user_id`) VALUES
 (1,41,1,1,'dr hab. inż. prof. PW','Kierownik Zakładu',7495,NULL,100,'0000-00-00 00:00:00', 1, '0000-00-00 00:00:00', 1),
(2,41,1,2,'Prof. PW, PhD. Eng.','Head of Department',7495,NULL,101,'0000-00-00 00:00:00', 1, '0000-00-00 00:00:00', 1),
(3,41,1,3,'Ph.D. Ing. prof. PW','chef du Département',7495,NULL,102,'0000-00-00 00:00:00', 1, '0000-00-00 00:00:00', 1),
(4,42,1,1,'mgr','specjalista ds. adm.',5501,NULL,103,'0000-00-00 00:00:00', 1, '0000-00-00 00:00:00', 1),
(5,42,1,2,'MA','specialist ds. adm.',5501,NULL,104,'0000-00-00 00:00:00', 1, '0000-00-00 00:00:00', 1),
(6,42,1,3,'MA','specialiste ds. adm.',5501,NULL,105,'0000-00-00 00:00:00', 1, '0000-00-00 00:00:00', 1),
(7,43,1,1,'dr inż.','adiunkt',7314,NULL,106,'0000-00-00 00:00:00', 1, '0000-00-00 00:00:00', 1),
(8,43,1,2,'Dr. Eng.','lecturer',7314,NULL,107,'0000-00-00 00:00:00', 1, '0000-00-00 00:00:00', 1),
(9,43,1,3,'Dr. Ing.','conférencier',7314,NULL,108,'0000-00-00 00:00:00', 1, '0000-00-00 00:00:00', 1),
(10,44,1,1,'inż Gest.','asystent',7314,NULL,109,'0000-00-00 00:00:00', 1, '0000-00-00 00:00:00', 1),
(11,44,1,2,'Gest. Eng.','assistant',7314,NULL,110,'0000-00-00 00:00:00', 1, '0000-00-00 00:00:00', 1),
(12,44,1,3,'Ing. Gest.','assistant',7314,NULL,111,'0000-00-00 00:00:00', 1, '0000-00-00 00:00:00', 1),
(13,45,1,1,'dr inż.','adiunkt',7314,NULL,112,'0000-00-00 00:00:00', 1, '0000-00-00 00:00:00', 1),
(14,45,1,2,'Dr. Eng.','lecturer',7314,NULL,113,'0000-00-00 00:00:00', 1, '0000-00-00 00:00:00', 1),
(15,45,1,3,'Dr. Ing.','conférencier',7314,NULL,114,'0000-00-00 00:00:00', 1, '0000-00-00 00:00:00', 1),
(16,46,1,1,'inż Gest.','asystent',7468,NULL,115,'0000-00-00 00:00:00', 1, '0000-00-00 00:00:00', 1),
(17,46,1,2,'Gest. Eng.','assistant',7468,NULL,116,'0000-00-00 00:00:00', 1, '0000-00-00 00:00:00', 1),
(18,46,1,3,'Ing. Gest.','assistant',7468,NULL,117,'0000-00-00 00:00:00', 1, '0000-00-00 00:00:00', 1),
(19,47,1,1,'dr hab. inż. prof.','profesor',7312,NULL,118,'0000-00-00 00:00:00', 1, '0000-00-00 00:00:00', 1),
(20,47,1,2,'Prof. PhD. Eng.','professor',7312,NULL,119,'0000-00-00 00:00:00', 1, '0000-00-00 00:00:00', 1),
(21,47,1,3,'Ph.D. Ing. prof. ','professeur',7312,NULL,120,'0000-00-00 00:00:00', 1, '0000-00-00 00:00:00', 1),
(22,48,1,1,'dr hab. inż. ','adiunkt',5626,NULL,121,'0000-00-00 00:00:00', 1, '0000-00-00 00:00:00', 1),
(23,48,1,2,'PhD. Eng.','lecturer',5626,NULL,122,'0000-00-00 00:00:00', 1, '0000-00-00 00:00:00', 1),
(24,48,1,3,'Ph.D. Ing.','conférencier',5626,NULL,123,'0000-00-00 00:00:00', 1, '0000-00-00 00:00:00', 1),
(25,49,1,1,'dr inż.','adiunkt',7628,NULL,124,'0000-00-00 00:00:00', 1, '0000-00-00 00:00:00', 1),
(26,49,1,2,'Dr. Eng.','lecturer',7628,NULL,125,'0000-00-00 00:00:00', 1, '0000-00-00 00:00:00', 1),
(27,49,1,3,'Dr. Ing.','conférencier',7628,NULL,126,'0000-00-00 00:00:00', 1, '0000-00-00 00:00:00', 1),
(28,50,1,1,'dr hab. inż.','prof. PW',5862,NULL,127,'0000-00-00 00:00:00', 1, '0000-00-00 00:00:00', 1),
(29,50,1,2,'dr hab. inż.','prof. PW',5862,NULL,128,'0000-00-00 00:00:00', 1, '0000-00-00 00:00:00', 1),
(30,50,1,3,'dr hab. inż.','prof. PW',5862,NULL,129,'0000-00-00 00:00:00', 1, '0000-00-00 00:00:00', 1),
(31,51,1,1,'dr inż.','adiunkt',7314,NULL,130,'0000-00-00 00:00:00', 1, '0000-00-00 00:00:00', 1),
(32,51,1,2,'Dr. Eng.','lecturer',7314,NULL,131,'0000-00-00 00:00:00', 1, '0000-00-00 00:00:00', 1),
(33,51,1,3,'Dr. Ing.','conférencier',7314,NULL,132,'0000-00-00 00:00:00', 1, '0000-00-00 00:00:00', 1),
(34,52,1,1,'inż Gest.','asystent',7659,NULL,133,'0000-00-00 00:00:00', 1, '0000-00-00 00:00:00', 1),
(35,52,1,2,'Gest. Eng.','assistant',7659,NULL,134,'0000-00-00 00:00:00', 1, '0000-00-00 00:00:00', 1),
(36,52,1,3,'Ing. Gest.','assistant',7659,NULL,135,'0000-00-00 00:00:00', 1, '0000-00-00 00:00:00', 1),
(37,53,1,1,'inż Gest.','st. ref. tech.',5352,NULL,136,'0000-00-00 00:00:00', 1, '0000-00-00 00:00:00', 1),
(38,53,1,2,'Gest. Eng.','Senior ref. tech.',5352,NULL,137,'0000-00-00 00:00:00', 1, '0000-00-00 00:00:00', 1),
(39,53,1,3,'Ing. Gest.','ref principal. tech.',5352,NULL,138,'0000-00-00 00:00:00', 1, '0000-00-00 00:00:00', 1),
(40,54,1,1,'inż Gest.','asystent',7468,NULL,139,'0000-00-00 00:00:00', 1, '0000-00-00 00:00:00', 1),
(41,54,1,2,'Gest. Eng.','assistant',7468,NULL,140,'0000-00-00 00:00:00', 1, '0000-00-00 00:00:00', 1),
(42,54,1,3,'Ing. Gest.','assistant',7468,NULL,141,'0000-00-00 00:00:00', 1, '0000-00-00 00:00:00', 1),
(43,55,2,1,'dr hab. inż. ','Kierownik Zakładu',7351,NULL,142,'0000-00-00 00:00:00', 1, '0000-00-00 00:00:00', 1),
(44,55,2,2,'PhD. Eng.','Head of Department',7351,NULL,143,'0000-00-00 00:00:00', 1, '0000-00-00 00:00:00', 1),
(45,55,2,3,'Ph.D. Ing.','chef du Département',7351,NULL,144,'0000-00-00 00:00:00', 1, '0000-00-00 00:00:00', 1),
(46,56,2,1,'------','specjalista ds. adm.',7611,5074,145,'0000-00-00 00:00:00', 1, '0000-00-00 00:00:00', 1),
(47,56,2,2,'------','specialist ds. adm.',7611,5074,146,'0000-00-00 00:00:00', 1, '0000-00-00 00:00:00', 1),
(48,56,2,3,'------','specialiste ds. adm.',7611,5074,147,'0000-00-00 00:00:00', 1, '0000-00-00 00:00:00', 1),
(49,57,2,1,'Eng.','spec.naukowo-tech.',5649,NULL,148,'0000-00-00 00:00:00', 1, '0000-00-00 00:00:00', 1),
(50,57,2,2,'Eng.','spec. science and tech.',5649,NULL,149,'0000-00-00 00:00:00', 1, '0000-00-00 00:00:00', 1),
(51,57,2,3,'Eng.','spec. science et tech.',5649,NULL,150,'0000-00-00 00:00:00', 1, '0000-00-00 00:00:00', 1),
(52,58,2,1,'dr inż.','adiunkt',5618,NULL,151,'0000-00-00 00:00:00', 1, '0000-00-00 00:00:00', 1),
(53,58,2,2,'Dr. Eng.','lecturer',5618,NULL,152,'0000-00-00 00:00:00', 1, '0000-00-00 00:00:00', 1),
(54,58,2,3,'Dr. Ing.','conférencier',5618,NULL,153,'0000-00-00 00:00:00', 1, '0000-00-00 00:00:00', 1),
(55,59,2,1,'Eng.','st. ref. tech.',5794,NULL,154,'0000-00-00 00:00:00', 1, '0000-00-00 00:00:00', 1),
(56,59,2,2,'Eng.','Senior ref. tech.',5794,NULL,155,'0000-00-00 00:00:00', 1, '0000-00-00 00:00:00', 1),
(57,59,2,3,'Eng.','ref principal. tech.',5794,NULL,156,'0000-00-00 00:00:00', 1, '0000-00-00 00:00:00', 1),
(58,60,2,1,'dr inż.','adiunkt',5608,NULL,157,'0000-00-00 00:00:00', 1, '0000-00-00 00:00:00', 1),
(59,60,2,2,'Dr. Eng.','lecturer',5608,NULL,158,'0000-00-00 00:00:00', 1, '0000-00-00 00:00:00', 1),
(60,60,2,3,'Dr. Ing.','conférencier',5608,NULL,159,'0000-00-00 00:00:00', 1, '0000-00-00 00:00:00', 1),
(61,61,2,1,'dr hab. inż. prof.','Dyrektor Instytutu',5085,7611,160,'0000-00-00 00:00:00', 1, '0000-00-00 00:00:00', 1),
(62,61,2,2,'Prof. PhD. Eng.','Director of the Institute',5085,7611,161,'0000-00-00 00:00:00', 1, '0000-00-00 00:00:00', 1),
(63,61,2,3,'Ph.D. Ing. prof. ','Directeur Institut',5085,7611,162,'0000-00-00 00:00:00', 1, '0000-00-00 00:00:00', 1),
(64,62,2,1,'dr inż.','docent',5482,NULL,163,'0000-00-00 00:00:00', 1, '0000-00-00 00:00:00', 1),
(65,62,2,2,'Dr. Eng.','Associate Professor',5482,NULL,164,'0000-00-00 00:00:00', 1, '0000-00-00 00:00:00', 1),
(66,62,2,3,'Dr. Ing.','professeur agrégé',5482,NULL,165,'0000-00-00 00:00:00', 1, '0000-00-00 00:00:00', 1),
(67,63,2,1,'dr inż.','st. wykładowca',7426,NULL,166,'0000-00-00 00:00:00', 1, '0000-00-00 00:00:00', 1),
(68,63,2,2,'Dr. Eng.','senior lecturer',7426,NULL,167,'0000-00-00 00:00:00', 1, '0000-00-00 00:00:00', 1),
(69,63,2,3,'Dr. Ing.','maître de conférences',7426,NULL,168,'0000-00-00 00:00:00', 1, '0000-00-00 00:00:00', 1),
(70,64,2,1,'inż Gest.','asystent',5608,NULL,169,'0000-00-00 00:00:00', 1, '0000-00-00 00:00:00', 1),
(71,64,2,2,'Gest. Eng.','assistant',5608,NULL,170,'0000-00-00 00:00:00', 1, '0000-00-00 00:00:00', 1),
(72,64,2,3,'Ing. Gest.','assistant',5608,NULL,171,'0000-00-00 00:00:00', 1, '0000-00-00 00:00:00', 1),
(73,65,2,1,'dr inż.','adiunkt',5795,NULL,172,'0000-00-00 00:00:00', 1, '0000-00-00 00:00:00', 1),
(74,65,2,2,'Dr. Eng.','lecturer',5795,NULL,173,'0000-00-00 00:00:00', 1, '0000-00-00 00:00:00', 1),
(75,65,2,3,'Dr. Ing.','conférencier',5795,NULL,174,'0000-00-00 00:00:00', 1, '0000-00-00 00:00:00', 1),
(76,66,2,1,'dr inż.','st. wykładowca',5171,NULL,175,'0000-00-00 00:00:00', 1, '0000-00-00 00:00:00', 1),
(77,66,2,2,'Dr. Eng.','senior lecturer',5171,NULL,176,'0000-00-00 00:00:00', 1, '0000-00-00 00:00:00', 1),
(78,66,2,3,'Dr. Ing.','maître de conférences',5171,NULL,177,'0000-00-00 00:00:00', 1, '0000-00-00 00:00:00', 1),
(79,67,7,1,'dr hab. inż. prof.','Kierownik Zakładu',5864,NULL,178,'0000-00-00 00:00:00', 1, '0000-00-00 00:00:00', 1),
(80,67,7,2,'Prof. PhD. Eng.','Head of Department',5864,NULL,179,'0000-00-00 00:00:00', 1, '0000-00-00 00:00:00', 1),
(81,67,7,3,'Ph.D. Ing. prof. ','chef du Département',5864,NULL,180,'0000-00-00 00:00:00', 1, '0000-00-00 00:00:00', 1),
(82,68,7,1,'inż Gest.','specjalista inż. tech.',7366,5073,181,'0000-00-00 00:00:00', 1, '0000-00-00 00:00:00', 1),
(83,68,7,2,'Gest. Eng.','specjalista inż. tech.',7366,5073,182,'0000-00-00 00:00:00', 1, '0000-00-00 00:00:00', 1),
(84,68,7,3,'Ing. Gest.','specjalista inż. tech.',7366,5073,183,'0000-00-00 00:00:00', 1, '0000-00-00 00:00:00', 1),
(85,69,7,1,'dr inż.','adiunkt',7591,NULL,184,'0000-00-00 00:00:00', 1, '0000-00-00 00:00:00', 1),
(86,69,7,2,'Dr. Eng.','lecturer',7591,NULL,185,'0000-00-00 00:00:00', 1, '0000-00-00 00:00:00', 1),
(87,69,7,3,'Dr. Ing.','conférencier',7591,NULL,186,'0000-00-00 00:00:00', 1, '0000-00-00 00:00:00', 1),
(88,70,7,1,'dr hab. inż. prof.','profesor',7684,NULL,187,'0000-00-00 00:00:00', 1, '0000-00-00 00:00:00', 1),
(89,70,7,2,'Prof. PhD. Eng.','professor',7684,NULL,188,'0000-00-00 00:00:00', 1, '0000-00-00 00:00:00', 1),
(90,70,7,3,'Ph.D. Ing. prof. ','professeur',7684,NULL,189,'0000-00-00 00:00:00', 1, '0000-00-00 00:00:00', 1),
(91,71,7,1,'dr inż.','adiunkt',5863,NULL,190,'0000-00-00 00:00:00', 1, '0000-00-00 00:00:00', 1),
(92,71,7,2,'Dr. Eng.','lecturer',5863,NULL,191,'0000-00-00 00:00:00', 1, '0000-00-00 00:00:00', 1),
(93,71,7,3,'Dr. Ing.','conférencier',5863,NULL,192,'0000-00-00 00:00:00', 1, '0000-00-00 00:00:00', 1),
(94,72,7,1,'dr inż.','adiunkt',7591,NULL,193,'0000-00-00 00:00:00', 1, '0000-00-00 00:00:00', 1),
(95,72,7,2,'Dr. Eng.','lecturer',7591,NULL,194,'0000-00-00 00:00:00', 1, '0000-00-00 00:00:00', 1),
(96,72,7,3,'Dr. Ing.','conférencier',7591,NULL,195,'0000-00-00 00:00:00', 1, '0000-00-00 00:00:00', 1),
(97,74,7,1,'dr inż.','adiunkt',7651,NULL,196,'0000-00-00 00:00:00', 1, '0000-00-00 00:00:00', 1),
(98,74,7,2,'Dr. Eng.','lecturer',7651,NULL,197,'0000-00-00 00:00:00', 1, '0000-00-00 00:00:00', 1),
(99,74,7,3,'Dr. Ing.','conférencier',7651,NULL,198,'0000-00-00 00:00:00', 1, '0000-00-00 00:00:00', 1),
(100,75,7,1,'dr inż.','adiunkt',7943,NULL,199,'0000-00-00 00:00:00', 1, '0000-00-00 00:00:00', 1),
(101,75,7,2,'Dr. Eng.','lecturer',7943,NULL,200,'0000-00-00 00:00:00', 1, '0000-00-00 00:00:00', 1),
(102,75,7,3,'Dr. Ing.','conférencier',7943,NULL,201,'0000-00-00 00:00:00', 1, '0000-00-00 00:00:00', 1),
(103,76,7,1,'dr inż.','adiunkt',5699,NULL,202,'0000-00-00 00:00:00', 1, '0000-00-00 00:00:00', 1),
(104,76,7,2,'Dr. Eng.','lecturer',5699,NULL,203,'0000-00-00 00:00:00', 1, '0000-00-00 00:00:00', 1),
(105,76,7,3,'Dr. Ing.','conférencier',5699,NULL,204,'0000-00-00 00:00:00', 1, '0000-00-00 00:00:00', 1),
(106,77,7,1,'inż Gest.','specj.inż.tech.',5592,NULL,205,'0000-00-00 00:00:00', 1, '0000-00-00 00:00:00', 1),
(107,77,7,2,'Gest. Eng.','spec. Tech. Eng.',5592,NULL,206,'0000-00-00 00:00:00', 1, '0000-00-00 00:00:00', 1),
(108,77,7,3,'Ing. Gest.','specj. Ing. tech.',5592,NULL,207,'0000-00-00 00:00:00', 1, '0000-00-00 00:00:00', 1),
(109,78,4,1,'prof. dr hab. inż.','Kierownik Zakładu',7560,NULL,208,'0000-00-00 00:00:00', 1, '0000-00-00 00:00:00', 1),
(110,78,4,2,'prof. dr hab. inż.','Head of Department',7560,NULL,209,'0000-00-00 00:00:00', 1, '0000-00-00 00:00:00', 1),
(111,78,4,3,'prof. dr hab. inż.','chef du Département',7560,NULL,210,'0000-00-00 00:00:00', 1, '0000-00-00 00:00:00', 1),
(112,79,4,1,'------','st. ref. adm.',7563, 5076,211,'0000-00-00 00:00:00', 1, '0000-00-00 00:00:00', 1),
(113,79,4,2,'------','Senior ref. adm.',7563, 5076,212,'0000-00-00 00:00:00', 1, '0000-00-00 00:00:00', 1),
(114,79,4,3,'------','ref principal. adm.',7563, 5076,213,'0000-00-00 00:00:00', 1, '0000-00-00 00:00:00', 1),
(115,80,4,1,'dr inż.','adiunkt',7505,NULL,214,'0000-00-00 00:00:00', 1, '0000-00-00 00:00:00', 1),
(116,80,4,2,'Dr. Eng.','lecturer',7505,NULL,215,'0000-00-00 00:00:00', 1, '0000-00-00 00:00:00', 1),
(117,80,4,3,'Dr. Ing.','conférencier',7505,NULL,216,'0000-00-00 00:00:00', 1, '0000-00-00 00:00:00', 1),
(118,81,4,1,'dr inż.','adiunkt',7353,NULL,217,'0000-00-00 00:00:00', 1, '0000-00-00 00:00:00', 1),
(119,81,4,2,'Dr. Eng.','lecturer',7353,NULL,218,'0000-00-00 00:00:00', 1, '0000-00-00 00:00:00', 1),
(120,81,4,3,'Dr. Ing.','conférencier',7353,NULL,219,'0000-00-00 00:00:00', 1, '0000-00-00 00:00:00', 1),
(121,82,4,1,'inż Gest.','specj.inż.tech.',7505,NULL,220,'0000-00-00 00:00:00', 1, '0000-00-00 00:00:00', 1),
(122,82,4,2,'Gest. Eng.','spec. Tech. Eng.',7505,NULL,221,'0000-00-00 00:00:00', 1, '0000-00-00 00:00:00', 1),
(123,82,4,3,'Ing. Gest.','specj. Ing. tech.',7505,NULL,222,'0000-00-00 00:00:00', 1, '0000-00-00 00:00:00', 1),
(124,83,4,1,'dr inż.','adiunkt',7353,NULL,223,'0000-00-00 00:00:00', 1, '0000-00-00 00:00:00', 1),
(125,83,4,2,'Dr. Eng.','lecturer',7353,NULL,224,'0000-00-00 00:00:00', 1, '0000-00-00 00:00:00', 1),
(126,83,4,3,'Dr. Ing.','conférencier',7353,NULL,225,'0000-00-00 00:00:00', 1, '0000-00-00 00:00:00', 1),
(127,84,4,1,'dr hab. inż. ','adiunkt',5607,NULL,226,'0000-00-00 00:00:00', 1, '0000-00-00 00:00:00', 1),
(128,84,4,2,'PhD. Eng.','lecturer',5607,NULL,227,'0000-00-00 00:00:00', 1, '0000-00-00 00:00:00', 1),
(129,84,4,3,'Ph.D. Ing.','conférencier',5607,NULL,228,'0000-00-00 00:00:00', 1, '0000-00-00 00:00:00', 1),
(130,85,4,1,'dr inż.','adiunkt',7505,NULL,229,'0000-00-00 00:00:00', 1, '0000-00-00 00:00:00', 1),
(131,85,4,2,'Dr. Eng.','lecturer',7505,NULL,230,'0000-00-00 00:00:00', 1, '0000-00-00 00:00:00', 1),
(132,85,4,3,'Dr. Ing.','conférencier',7505,NULL,231,'0000-00-00 00:00:00', 1, '0000-00-00 00:00:00', 1),
(133,86,4,1,'dr inż.','adiunkt',7353,NULL,232,'0000-00-00 00:00:00', 1, '0000-00-00 00:00:00', 1),
(134,86,4,2,'Dr. Eng.','lecturer',7353,NULL,233,'0000-00-00 00:00:00', 1, '0000-00-00 00:00:00', 1),
(135,86,4,3,'Dr. Ing.','conférencier',7353,NULL,234,'0000-00-00 00:00:00', 1, '0000-00-00 00:00:00', 1),
(136,87,4,1,'','technik',7563,NULL,235,'0000-00-00 00:00:00', 1, '0000-00-00 00:00:00', 1),
(137,87,4,2,'','technician',7563,NULL,236,'0000-00-00 00:00:00', 1, '0000-00-00 00:00:00', 1),
(138,87,4,3,'','technicien',7563,NULL,237,'0000-00-00 00:00:00', 1, '0000-00-00 00:00:00', 1),
(139,88,4,1,'dr hab. inż. prof.','profesor',7563,NULL,238,'0000-00-00 00:00:00', 1, '0000-00-00 00:00:00', 1),
(140,88,4,2,'Prof. PhD. Eng.','professor',7563,NULL,239,'0000-00-00 00:00:00', 1, '0000-00-00 00:00:00', 1),
(141,88,4,3,'Ph.D. Ing. prof. ','professeur',7563,NULL,240,'0000-00-00 00:00:00', 1, '0000-00-00 00:00:00', 1),
(142,89,4,1,'dr inż.','st. wykładowca',7566,NULL,241,'0000-00-00 00:00:00', 1, '0000-00-00 00:00:00', 1),
(143,89,4,2,'Dr. Eng.','senior lecturer',7566,NULL,242,'0000-00-00 00:00:00', 1, '0000-00-00 00:00:00', 1),
(144,89,4,3,'Dr. Ing.','maître de conférences',7566,NULL,243,'0000-00-00 00:00:00', 1, '0000-00-00 00:00:00', 1),
(145,90,4,1,'inż Gest.','asystent',7566,NULL,244,'0000-00-00 00:00:00', 1, '0000-00-00 00:00:00', 1),
(146,90,4,2,'Gest. Eng.','assistant',7566,NULL,245,'0000-00-00 00:00:00', 1, '0000-00-00 00:00:00', 1),
(147,90,4,3,'Ing. Gest.','assistant',7566,NULL,246,'0000-00-00 00:00:00', 1, '0000-00-00 00:00:00', 1),
(148,91,4,1,'dr inż.','adiunkt',7566,NULL,247,'0000-00-00 00:00:00', 1, '0000-00-00 00:00:00', 1),
(149,91,4,2,'Dr. Eng.','lecturer',7566,NULL,248,'0000-00-00 00:00:00', 1, '0000-00-00 00:00:00', 1),
(150,91,4,3,'Dr. Ing.','conférencier',7566,NULL,249,'0000-00-00 00:00:00', 1, '0000-00-00 00:00:00', 1),
(151,92,4,1,'dr inż.','asystent',7566,NULL,250,'0000-00-00 00:00:00', 1, '0000-00-00 00:00:00', 1),
(152,92,4,2,'Dr. Eng.','assistant',7566,NULL,251,'0000-00-00 00:00:00', 1, '0000-00-00 00:00:00', 1),
(153,92,4,3,'Dr. Ing.','assistant',7566,NULL,252,'0000-00-00 00:00:00', 1, '0000-00-00 00:00:00', 1),
(154,93,9,1,'------','Dział Ekonomiczny',5865,NULL,253,'0000-00-00 00:00:00', 1, '0000-00-00 00:00:00', 1),
(155,93,9,2,'------','Department of Economics',5865,NULL,254,'0000-00-00 00:00:00', 1, '0000-00-00 00:00:00', 1),
(156,93,9,3,'------','Département Economie',5865,NULL,255,'0000-00-00 00:00:00', 1, '0000-00-00 00:00:00', 1),
(157,94,8,1,'------','The Secretariat of the Institute',7255,5085,256,'0000-00-00 00:00:00', 1, '0000-00-00 00:00:00', 1),
(158,94,8,2,'------','Sekretariat Instytutu',7255,5085,257,'0000-00-00 00:00:00', 1, '0000-00-00 00:00:00', 1),
(159,94,8,3,'------','Secrétariat Institut',7255,5085,258,'0000-00-00 00:00:00', 1, '0000-00-00 00:00:00', 1),
(160,95,9,1,'------','Dział Ekonomiczny',7368,NULL,259,'0000-00-00 00:00:00', 1, '0000-00-00 00:00:00', 1),
(161,95,9,2,'------','Department of Economics',7368,NULL,260,'0000-00-00 00:00:00', 1, '0000-00-00 00:00:00', 1),
(162,95,9,3,'------','Département Economie',7368,NULL,261,'0000-00-00 00:00:00', 1, '0000-00-00 00:00:00', 1),
(163,96,9,1,'','Dział Ekonomiczny',7368,NULL,262,'0000-00-00 00:00:00', 1, '0000-00-00 00:00:00', 1),
(164,96,9,2,'','Department of Economics',7368,NULL,263,'0000-00-00 00:00:00', 1, '0000-00-00 00:00:00', 1),
(165,96,9,3,'','Département de Economie',7368,NULL,264,'0000-00-00 00:00:00', 1, '0000-00-00 00:00:00', 1),
(166,97,1,1,'----','Adm. sieci komp.',7619,NULL,265,'0000-00-00 00:00:00', 1, '0000-00-00 00:00:00', 1),
(167,97,1,2,'----','Adm. Comp. Network ',7619,NULL,266,'0000-00-00 00:00:00', 1, '0000-00-00 00:00:00', 1),
(168,97,1,3,'----','Adm Réseau Informatique',7619,NULL,267,'0000-00-00 00:00:00', 1, '0000-00-00 00:00:00', 1);


DELETE FROM `blog`;
INSERT INTO `blog` (`id`, `blog_name`, `employee_id`, `page_id`) VALUES
(41, 'toto', 1, 1),
(42, 'toto2', 1, 1),
(43, 'toto3', 1, 1);

DELETE FROM `blog_to_page`;
INSERT INTO `blog_to_page` (`blog_id`, `page_id`) VALUES
(42,14),
(42,15);
